group_bind|00000000000606f0|10/1/1/0
group_join|00000000000606f0|10/1/1/0
indirect_call_register_@|00000000000606f0|20000/1/1/0
nxsched_get_param|00000000000606f0|10/1/1/0
nxsched_get_scheduler|00000000000606f0|10/1/1/0
nxsched_release_tcb|00000000000606f0|1010/1/1/0
nxtask_activate|00000000000606f0|10/1/1/0
nxtask_joininit|00000000000606f0|10/1/1/0
pthread_exit|00000000000606f0|10/1/1/0
pthread_setup_scheduler|00000000000606f0|10/1/1/0
strlcpy|00000000000606f0|10/1/1/0
tls_init_info|00000000000606f0|10/1/1/0
up_create_stack|00000000000606f0|10/1/1/0
up_use_stack|00000000000606f0|10/1/1/0
zalloc|00000000000606f0|10/1/1/0